full_name,phone_number,email,address,city,state,zip_code,country
อานนท์ แสงสุข,0802345671,anonsang@email.com,22/88 ถนนลาดพร้าว แขวงจอมพล,กรุงเทพมหานคร,กรุงเทพ,10900,Thailand
กมลวรรณ วงศ์สวัสดิ์,0813456782,kamonwan@email.com,99/11 หมู่ 6 ตำบลบางบ่อ,สมุทรปราการ,สมุทรปราการ,10560,Thailand
ชัชวาล คำรัตน์,0824567893,chatchawan@email.com,47/25 ถนนราชดำริ,เชียงใหม่,เชียงใหม่,50000,Thailand
บุษบา ไพรวัลย์,0835678904,budsaba@email.com,12/79 หมู่ 1 ตำบลบ้านกลาง,ลำพูน,ลำพูน,51000,Thailand
สิริกานต์ มหานิล,0846789015,sirikan@email.com,88/23 ซอยเพชรบุรี 12,กรุงเทพมหานคร,กรุงเทพ,10400,Thailand
ปรัชญา รัตนไพบูลย์,0857890126,prachaya@email.com,75/36 ถนนจรัญสนิทวงศ์ แขวงบางยี่ขัน,กรุงเทพมหานคร,กรุงเทพ,10700,Thailand
ชลธิชา ทองประเสริฐ,0868901237,cholthicha@email.com,56/44 หมู่ 2 ตำบลบางขุนกอง,นนทบุรี,นนทบุรี,11120,Thailand
วีระชัย สุขสันต์,0879012348,weerachai@email.com,67/98 ซอยนวมินทร์ 74,กรุงเทพมหานคร,กรุงเทพ,10230,Thailand
ปิยะดา อุดมสุข,0880123459,piyada@email.com,123/45 หมู่ 9 ตำบลบางปลา,สมุทรสาคร,สมุทรสาคร,74000,Thailand
พงษ์เทพ วงศ์ประเสริฐ,0891234560,phongthep@email.com,23/67 ถนนศรีนครินทร์,สมุทรปราการ,สมุทรปราการ,10270,Thailand
