full_name,phone,Address,email,city,state,postcode
สมชาย ใจดี,0812345678,123 หมู่ 5 ถนนสุขสันต์,somchai@example.com,กรุงเทพฯ,กรุงเทพมหานคร,10200
สมหญิง สมปอง,0898765432,456/1 ซอยร่มเย็น,somsri@example.com,เชียงใหม่,เชียงใหม่,50000
อนันต์ มั่งมี,0859988776,789 ถนนสายไหม,anan@example.com,ขอนแก่น,ขอนแก่น,40000
ชื่อ4 นามสกุล4,0800000004,40 ถนนหมายเลข 4,user4@example.com,เมือง4,จังหวัด4,10004
ชื่อ5 นามสกุล5,0800000005,50 ถนนหมายเลข 5,user5@example.com,เมือง5,จังหวัด5,10005
ชื่อ6 นามสกุล6,0800000006,60 ถนนหมายเลข 6,user6@example.com,เมือง6,จังหวัด6,10006
ชื่อ7 นามสกุล7,0800000007,70 ถนนหมายเลข 7,user7@example.com,เมือง7,จังหวัด7,10007
ชื่อ8 นามสกุล8,0800000008,80 ถนนหมายเลข 8,user8@example.com,เมือง8,จังหวัด8,10008
ชื่อ9 นามสกุล9,0800000009,90 ถนนหมายเลข 9,user9@example.com,เมือง9,จังหวัด9,10009
ชื่อ10 นามสกุล10,0800000010,100 ถนนหมายเลข 10,user10@example.com,เมือง10,จังหวัด10,10010
ชื่อ11 นามสกุล11,0800000011,110 ถนนหมายเลข 11,user11@example.com,เมือง11,จังหวัด11,10011
ชื่อ12 นามสกุล12,0800000012,120 ถนนหมายเลข 12,user12@example.com,เมือง12,จังหวัด12,10012
ชื่อ13 นามสกุล13,0800000013,130 ถนนหมายเลข 13,user13@example.com,เมือง13,จังหวัด13,10013
ชื่อ14 นามสกุล14,0800000014,140 ถนนหมายเลข 14,user14@example.com,เมือง14,จังหวัด14,10014
ชื่อ15 นามสกุล15,0800000015,150 ถนนหมายเลข 15,user15@example.com,เมือง15,จังหวัด15,10015
ชื่อ16 นามสกุล16,0800000016,160 ถนนหมายเลข 16,user16@example.com,เมือง16,จังหวัด16,10016
ชื่อ17 นามสกุล17,0800000017,170 ถนนหมายเลข 17,user17@example.com,เมือง17,จังหวัด17,10017
ชื่อ18 นามสกุล18,0800000018,180 ถนนหมายเลข 18,user18@example.com,เมือง18,จังหวัด18,10018
ชื่อ19 นามสกุล19,0800000019,190 ถนนหมายเลข 19,user19@example.com,เมือง19,จังหวัด19,10019
ชื่อ20 นามสกุล20,0800000020,200 ถนนหมายเลข 20,user20@example.com,เมือง20,จังหวัด20,10020
ชื่อ21 นามสกุล21,0800000021,210 ถนนหมายเลข 21,user21@example.com,เมือง21,จังหวัด21,10021
ชื่อ22 นามสกุล22,0800000022,220 ถนนหมายเลข 22,user22@example.com,เมือง22,จังหวัด22,10022
ชื่อ23 นามสกุล23,0800000023,230 ถนนหมายเลข 23,user23@example.com,เมือง23,จังหวัด23,10023
ชื่อ24 นามสกุล24,0800000024,240 ถนนหมายเลข 24,user24@example.com,เมือง24,จังหวัด24,10024
ชื่อ25 นามสกุล25,0800000025,250 ถนนหมายเลข 25,user25@example.com,เมือง25,จังหวัด25,10025
ชื่อ26 นามสกุล26,0800000026,260 ถนนหมายเลข 26,user26@example.com,เมือง26,จังหวัด26,10026
ชื่อ27 นามสกุล27,0800000027,270 ถนนหมายเลข 27,user27@example.com,เมือง27,จังหวัด27,10027
ชื่อ28 นามสกุล28,0800000028,280 ถนนหมายเลข 28,user28@example.com,เมือง28,จังหวัด28,10028
ชื่อ29 นามสกุล29,0800000029,290 ถนนหมายเลข 29,user29@example.com,เมือง29,จังหวัด29,10029
ชื่อ30 นามสกุล30,0800000030,300 ถนนหมายเลข 30,user30@example.com,เมือง30,จังหวัด30,10030
ชื่อ31 นามสกุล31,0800000031,310 ถนนหมายเลข 31,user31@example.com,เมือง31,จังหวัด31,10031
ชื่อ32 นามสกุล32,0800000032,320 ถนนหมายเลข 32,user32@example.com,เมือง32,จังหวัด32,10032
ชื่อ33 นามสกุล33,0800000033,330 ถนนหมายเลข 33,user33@example.com,เมือง33,จังหวัด33,10033
ชื่อ34 นามสกุล34,0800000034,340 ถนนหมายเลข 34,user34@example.com,เมือง34,จังหวัด34,10034
ชื่อ35 นามสกุล35,0800000035,350 ถนนหมายเลข 35,user35@example.com,เมือง35,จังหวัด35,10035
ชื่อ36 นามสกุล36,0800000036,360 ถนนหมายเลข 36,user36@example.com,เมือง36,จังหวัด36,10036
ชื่อ37 นามสกุล37,0800000037,370 ถนนหมายเลข 37,user37@example.com,เมือง37,จังหวัด37,10037
ชื่อ38 นามสกุล38,0800000038,380 ถนนหมายเลข 38,user38@example.com,เมือง38,จังหวัด38,10038
ชื่อ39 นามสกุล39,0800000039,390 ถนนหมายเลข 39,user39@example.com,เมือง39,จังหวัด39,10039
ชื่อ40 นามสกุล40,0800000040,400 ถนนหมายเลข 40,user40@example.com,เมือง40,จังหวัด40,10040
ชื่อ41 นามสกุล41,0800000041,410 ถนนหมายเลข 41,user41@example.com,เมือง41,จังหวัด41,10041
ชื่อ42 นามสกุล42,0800000042,420 ถนนหมายเลข 42,user42@example.com,เมือง42,จังหวัด42,10042
ชื่อ43 นามสกุล43,0800000043,430 ถนนหมายเลข 43,user43@example.com,เมือง43,จังหวัด43,10043
ชื่อ44 นามสกุล44,0800000044,440 ถนนหมายเลข 44,user44@example.com,เมือง44,จังหวัด44,10044
ชื่อ45 นามสกุล45,0800000045,450 ถนนหมายเลข 45,user45@example.com,เมือง45,จังหวัด45,10045
ชื่อ46 นามสกุล46,0800000046,460 ถนนหมายเลข 46,user46@example.com,เมือง46,จังหวัด46,10046
ชื่อ47 นามสกุล47,0800000047,470 ถนนหมายเลข 47,user47@example.com,เมือง47,จังหวัด47,10047
ชื่อ48 นามสกุล48,0800000048,480 ถนนหมายเลข 48,user48@example.com,เมือง48,จังหวัด48,10048
ชื่อ49 นามสกุล49,0800000049,490 ถนนหมายเลข 49,user49@example.com,เมือง49,จังหวัด49,10049
ชื่อ50 นามสกุล50,0800000050,500 ถนนหมายเลข 50,user50@example.com,เมือง50,จังหวัด50,10050
